"TIME","GEO","INDIC_IL","Value","Flag and Footnotes"
"2007","European Union (EU6-1972, EU9-1980, EU10-1985, EU12-1994, EU15-2004, EU25-2006, EU27-2013, EU28)","Gini coefficient (scale from 0 to 100)",":",""
"2007","European Union (28 countries)","Gini coefficient (scale from 0 to 100)",":",""
"2007","European Union (27 countries)","Gini coefficient (scale from 0 to 100)","30.6",""
"2007","European Union (25 countries)","Gini coefficient (scale from 0 to 100)",":",""
"2007","European Union (15 countries)","Gini coefficient (scale from 0 to 100)",":",""
"2007","New Member States (10 countries)","Gini coefficient (scale from 0 to 100)",":",""
"2007","Euro area (EA11-2000, EA12-2006, EA13-2007, EA15-2008, EA16-2010, EA17-2013, EA18-2014, EA19)","Gini coefficient (scale from 0 to 100)",":",""
"2007","Euro area (19 countries)","Gini coefficient (scale from 0 to 100)","30.0",""
"2007","Euro area (18 countries)","Gini coefficient (scale from 0 to 100)","30.0",""
"2007","Belgium","Gini coefficient (scale from 0 to 100)","26.3",""
"2007","Bulgaria","Gini coefficient (scale from 0 to 100)","35.3",""
"2007","Czech Republic","Gini coefficient (scale from 0 to 100)","25.3",""
"2007","Denmark","Gini coefficient (scale from 0 to 100)","25.2",""
"2007","Germany (until 1990 former territory of the FRG)","Gini coefficient (scale from 0 to 100)","30.4",""
"2007","Estonia","Gini coefficient (scale from 0 to 100)","33.4",""
"2007","Ireland","Gini coefficient (scale from 0 to 100)","31.3",""
"2007","Greece","Gini coefficient (scale from 0 to 100)","34.3",""
"2007","Spain","Gini coefficient (scale from 0 to 100)","31.9",""
"2007","France","Gini coefficient (scale from 0 to 100)","26.6",""
"2007","Croatia","Gini coefficient (scale from 0 to 100)",":",""
"2007","Italy","Gini coefficient (scale from 0 to 100)","32.0",""
"2007","Cyprus","Gini coefficient (scale from 0 to 100)","29.8",""
"2007","Latvia","Gini coefficient (scale from 0 to 100)","35.4",""
"2007","Lithuania","Gini coefficient (scale from 0 to 100)","33.8",""
"2007","Luxembourg","Gini coefficient (scale from 0 to 100)","27.4",""
"2007","Hungary","Gini coefficient (scale from 0 to 100)","25.6",""
"2007","Malta","Gini coefficient (scale from 0 to 100)","26.3",""
"2007","Netherlands","Gini coefficient (scale from 0 to 100)","27.6",""
"2007","Austria","Gini coefficient (scale from 0 to 100)","26.2",""
"2007","Poland","Gini coefficient (scale from 0 to 100)","32.2",""
"2007","Portugal","Gini coefficient (scale from 0 to 100)","36.8",""
"2007","Romania","Gini coefficient (scale from 0 to 100)","38.3","b"
"2007","Slovenia","Gini coefficient (scale from 0 to 100)","23.2",""
"2007","Slovakia","Gini coefficient (scale from 0 to 100)","24.5",""
"2007","Finland","Gini coefficient (scale from 0 to 100)","26.2",""
"2007","Sweden","Gini coefficient (scale from 0 to 100)","23.4",""
"2007","United Kingdom","Gini coefficient (scale from 0 to 100)","32.6",""
"2007","Iceland","Gini coefficient (scale from 0 to 100)","28.0",""
"2007","Norway","Gini coefficient (scale from 0 to 100)","23.7",""
"2007","Switzerland","Gini coefficient (scale from 0 to 100)","30.4",""
"2007","Former Yugoslav Republic of Macedonia, the","Gini coefficient (scale from 0 to 100)",":",""
"2007","Serbia","Gini coefficient (scale from 0 to 100)",":",""
"2007","Turkey","Gini coefficient (scale from 0 to 100)","43.2",""
"2008","European Union (EU6-1972, EU9-1980, EU10-1985, EU12-1994, EU15-2004, EU25-2006, EU27-2013, EU28)","Gini coefficient (scale from 0 to 100)",":",""
"2008","European Union (28 countries)","Gini coefficient (scale from 0 to 100)",":",""
"2008","European Union (27 countries)","Gini coefficient (scale from 0 to 100)","30.9",""
"2008","European Union (25 countries)","Gini coefficient (scale from 0 to 100)",":",""
"2008","European Union (15 countries)","Gini coefficient (scale from 0 to 100)",":",""
"2008","New Member States (10 countries)","Gini coefficient (scale from 0 to 100)",":",""
"2008","Euro area (EA11-2000, EA12-2006, EA13-2007, EA15-2008, EA16-2010, EA17-2013, EA18-2014, EA19)","Gini coefficient (scale from 0 to 100)",":",""
"2008","Euro area (19 countries)","Gini coefficient (scale from 0 to 100)","30.5",""
"2008","Euro area (18 countries)","Gini coefficient (scale from 0 to 100)","30.5",""
"2008","Belgium","Gini coefficient (scale from 0 to 100)","27.5",""
"2008","Bulgaria","Gini coefficient (scale from 0 to 100)","35.9",""
"2008","Czech Republic","Gini coefficient (scale from 0 to 100)","24.7",""
"2008","Denmark","Gini coefficient (scale from 0 to 100)","25.1",""
"2008","Germany (until 1990 former territory of the FRG)","Gini coefficient (scale from 0 to 100)","30.2",""
"2008","Estonia","Gini coefficient (scale from 0 to 100)","30.9",""
"2008","Ireland","Gini coefficient (scale from 0 to 100)","29.9",""
"2008","Greece","Gini coefficient (scale from 0 to 100)","33.4",""
"2008","Spain","Gini coefficient (scale from 0 to 100)","32.4","b"
"2008","France","Gini coefficient (scale from 0 to 100)","29.8","b"
"2008","Croatia","Gini coefficient (scale from 0 to 100)",":",""
"2008","Italy","Gini coefficient (scale from 0 to 100)","31.2",""
"2008","Cyprus","Gini coefficient (scale from 0 to 100)","29.0","b"
"2008","Latvia","Gini coefficient (scale from 0 to 100)","37.5",""
"2008","Lithuania","Gini coefficient (scale from 0 to 100)","34.5",""
"2008","Luxembourg","Gini coefficient (scale from 0 to 100)","27.7",""
"2008","Hungary","Gini coefficient (scale from 0 to 100)","25.2",""
"2008","Malta","Gini coefficient (scale from 0 to 100)","28.1",""
"2008","Netherlands","Gini coefficient (scale from 0 to 100)","27.6",""
"2008","Austria","Gini coefficient (scale from 0 to 100)","27.7","b"
"2008","Poland","Gini coefficient (scale from 0 to 100)","32.0",""
"2008","Portugal","Gini coefficient (scale from 0 to 100)","35.8",""
"2008","Romania","Gini coefficient (scale from 0 to 100)","35.9",""
"2008","Slovenia","Gini coefficient (scale from 0 to 100)","23.4",""
"2008","Slovakia","Gini coefficient (scale from 0 to 100)","23.7",""
"2008","Finland","Gini coefficient (scale from 0 to 100)","26.3",""
"2008","Sweden","Gini coefficient (scale from 0 to 100)","24.0",""
"2008","United Kingdom","Gini coefficient (scale from 0 to 100)","33.9",""
"2008","Iceland","Gini coefficient (scale from 0 to 100)","27.3",""
"2008","Norway","Gini coefficient (scale from 0 to 100)","25.1",""
"2008","Switzerland","Gini coefficient (scale from 0 to 100)","31.1",""
"2008","Former Yugoslav Republic of Macedonia, the","Gini coefficient (scale from 0 to 100)",":",""
"2008","Serbia","Gini coefficient (scale from 0 to 100)",":",""
"2008","Turkey","Gini coefficient (scale from 0 to 100)","43.0",""
"2009","European Union (EU6-1972, EU9-1980, EU10-1985, EU12-1994, EU15-2004, EU25-2006, EU27-2013, EU28)","Gini coefficient (scale from 0 to 100)",":",""
"2009","European Union (28 countries)","Gini coefficient (scale from 0 to 100)",":",""
"2009","European Union (27 countries)","Gini coefficient (scale from 0 to 100)","30.5",""
"2009","European Union (25 countries)","Gini coefficient (scale from 0 to 100)",":",""
"2009","European Union (15 countries)","Gini coefficient (scale from 0 to 100)",":",""
"2009","New Member States (10 countries)","Gini coefficient (scale from 0 to 100)",":",""
"2009","Euro area (EA11-2000, EA12-2006, EA13-2007, EA15-2008, EA16-2010, EA17-2013, EA18-2014, EA19)","Gini coefficient (scale from 0 to 100)",":",""
"2009","Euro area (19 countries)","Gini coefficient (scale from 0 to 100)","30.3",""
"2009","Euro area (18 countries)","Gini coefficient (scale from 0 to 100)","30.3",""
"2009","Belgium","Gini coefficient (scale from 0 to 100)","26.4",""
"2009","Bulgaria","Gini coefficient (scale from 0 to 100)","33.4",""
"2009","Czech Republic","Gini coefficient (scale from 0 to 100)","25.1",""
"2009","Denmark","Gini coefficient (scale from 0 to 100)","26.9",""
"2009","Germany (until 1990 former territory of the FRG)","Gini coefficient (scale from 0 to 100)","29.1",""
"2009","Estonia","Gini coefficient (scale from 0 to 100)","31.4",""
"2009","Ireland","Gini coefficient (scale from 0 to 100)","28.8",""
"2009","Greece","Gini coefficient (scale from 0 to 100)","33.1",""
"2009","Spain","Gini coefficient (scale from 0 to 100)","32.9",""
"2009","France","Gini coefficient (scale from 0 to 100)","29.9",""
"2009","Croatia","Gini coefficient (scale from 0 to 100)",":",""
"2009","Italy","Gini coefficient (scale from 0 to 100)","31.8",""
"2009","Cyprus","Gini coefficient (scale from 0 to 100)","29.5",""
"2009","Latvia","Gini coefficient (scale from 0 to 100)","37.5",""
"2009","Lithuania","Gini coefficient (scale from 0 to 100)","35.9",""
"2009","Luxembourg","Gini coefficient (scale from 0 to 100)","29.2",""
"2009","Hungary","Gini coefficient (scale from 0 to 100)","24.7",""
"2009","Malta","Gini coefficient (scale from 0 to 100)","27.4",""
"2009","Netherlands","Gini coefficient (scale from 0 to 100)","27.2",""
"2009","Austria","Gini coefficient (scale from 0 to 100)","27.5",""
"2009","Poland","Gini coefficient (scale from 0 to 100)","31.4",""
"2009","Portugal","Gini coefficient (scale from 0 to 100)","35.4",""
"2009","Romania","Gini coefficient (scale from 0 to 100)","34.5",""
"2009","Slovenia","Gini coefficient (scale from 0 to 100)","22.7",""
"2009","Slovakia","Gini coefficient (scale from 0 to 100)","24.8",""
"2009","Finland","Gini coefficient (scale from 0 to 100)","25.9",""
"2009","Sweden","Gini coefficient (scale from 0 to 100)","24.8",""
"2009","United Kingdom","Gini coefficient (scale from 0 to 100)","32.4",""
"2009","Iceland","Gini coefficient (scale from 0 to 100)","29.6",""
"2009","Norway","Gini coefficient (scale from 0 to 100)","24.1",""
"2009","Switzerland","Gini coefficient (scale from 0 to 100)","30.7",""
"2009","Former Yugoslav Republic of Macedonia, the","Gini coefficient (scale from 0 to 100)",":",""
"2009","Serbia","Gini coefficient (scale from 0 to 100)",":",""
"2009","Turkey","Gini coefficient (scale from 0 to 100)","44.2",""
"2010","European Union (EU6-1972, EU9-1980, EU10-1985, EU12-1994, EU15-2004, EU25-2006, EU27-2013, EU28)","Gini coefficient (scale from 0 to 100)",":",""
"2010","European Union (28 countries)","Gini coefficient (scale from 0 to 100)","30.5",""
"2010","European Union (27 countries)","Gini coefficient (scale from 0 to 100)","30.5",""
"2010","European Union (25 countries)","Gini coefficient (scale from 0 to 100)",":",""
"2010","European Union (15 countries)","Gini coefficient (scale from 0 to 100)",":",""
"2010","New Member States (10 countries)","Gini coefficient (scale from 0 to 100)",":",""
"2010","Euro area (EA11-2000, EA12-2006, EA13-2007, EA15-2008, EA16-2010, EA17-2013, EA18-2014, EA19)","Gini coefficient (scale from 0 to 100)",":",""
"2010","Euro area (19 countries)","Gini coefficient (scale from 0 to 100)","30.3",""
"2010","Euro area (18 countries)","Gini coefficient (scale from 0 to 100)","30.3",""
"2010","Belgium","Gini coefficient (scale from 0 to 100)","26.6",""
"2010","Bulgaria","Gini coefficient (scale from 0 to 100)","33.2",""
"2010","Czech Republic","Gini coefficient (scale from 0 to 100)","24.9",""
"2010","Denmark","Gini coefficient (scale from 0 to 100)","26.9","b"
"2010","Germany (until 1990 former territory of the FRG)","Gini coefficient (scale from 0 to 100)","29.3",""
"2010","Estonia","Gini coefficient (scale from 0 to 100)","31.3",""
"2010","Ireland","Gini coefficient (scale from 0 to 100)","30.7",""
"2010","Greece","Gini coefficient (scale from 0 to 100)","32.9",""
"2010","Spain","Gini coefficient (scale from 0 to 100)","33.5",""
"2010","France","Gini coefficient (scale from 0 to 100)","29.8",""
"2010","Croatia","Gini coefficient (scale from 0 to 100)","31.6",""
"2010","Italy","Gini coefficient (scale from 0 to 100)","31.7",""
"2010","Cyprus","Gini coefficient (scale from 0 to 100)","30.1",""
"2010","Latvia","Gini coefficient (scale from 0 to 100)","35.9",""
"2010","Lithuania","Gini coefficient (scale from 0 to 100)","37.0",""
"2010","Luxembourg","Gini coefficient (scale from 0 to 100)","27.9",""
"2010","Hungary","Gini coefficient (scale from 0 to 100)","24.1",""
"2010","Malta","Gini coefficient (scale from 0 to 100)","28.6",""
"2010","Netherlands","Gini coefficient (scale from 0 to 100)","25.5",""
"2010","Austria","Gini coefficient (scale from 0 to 100)","28.3",""
"2010","Poland","Gini coefficient (scale from 0 to 100)","31.1",""
"2010","Portugal","Gini coefficient (scale from 0 to 100)","33.7",""
"2010","Romania","Gini coefficient (scale from 0 to 100)","33.5",""
"2010","Slovenia","Gini coefficient (scale from 0 to 100)","23.8",""
"2010","Slovakia","Gini coefficient (scale from 0 to 100)","25.9",""
"2010","Finland","Gini coefficient (scale from 0 to 100)","25.4",""
"2010","Sweden","Gini coefficient (scale from 0 to 100)","24.1",""
"2010","United Kingdom","Gini coefficient (scale from 0 to 100)","32.9",""
"2010","Iceland","Gini coefficient (scale from 0 to 100)","25.7",""
"2010","Norway","Gini coefficient (scale from 0 to 100)","23.6",""
"2010","Switzerland","Gini coefficient (scale from 0 to 100)","29.6",""
"2010","Former Yugoslav Republic of Macedonia, the","Gini coefficient (scale from 0 to 100)",":",""
"2010","Serbia","Gini coefficient (scale from 0 to 100)",":",""
"2010","Turkey","Gini coefficient (scale from 0 to 100)","43.5",""
"2011","European Union (EU6-1972, EU9-1980, EU10-1985, EU12-1994, EU15-2004, EU25-2006, EU27-2013, EU28)","Gini coefficient (scale from 0 to 100)","30.8",""
"2011","European Union (28 countries)","Gini coefficient (scale from 0 to 100)","30.8",""
"2011","European Union (27 countries)","Gini coefficient (scale from 0 to 100)","30.8",""
"2011","European Union (25 countries)","Gini coefficient (scale from 0 to 100)",":",""
"2011","European Union (15 countries)","Gini coefficient (scale from 0 to 100)",":",""
"2011","New Member States (10 countries)","Gini coefficient (scale from 0 to 100)",":",""
"2011","Euro area (EA11-2000, EA12-2006, EA13-2007, EA15-2008, EA16-2010, EA17-2013, EA18-2014, EA19)","Gini coefficient (scale from 0 to 100)","30.6",""
"2011","Euro area (19 countries)","Gini coefficient (scale from 0 to 100)","30.6",""
"2011","Euro area (18 countries)","Gini coefficient (scale from 0 to 100)","30.6",""
"2011","Belgium","Gini coefficient (scale from 0 to 100)","26.3",""
"2011","Bulgaria","Gini coefficient (scale from 0 to 100)","35.0",""
"2011","Czech Republic","Gini coefficient (scale from 0 to 100)","25.2",""
"2011","Denmark","Gini coefficient (scale from 0 to 100)","26.6","b"
"2011","Germany (until 1990 former territory of the FRG)","Gini coefficient (scale from 0 to 100)","29.0",""
"2011","Estonia","Gini coefficient (scale from 0 to 100)","31.9",""
"2011","Ireland","Gini coefficient (scale from 0 to 100)","29.8",""
"2011","Greece","Gini coefficient (scale from 0 to 100)","33.5",""
"2011","Spain","Gini coefficient (scale from 0 to 100)","34.0",""
"2011","France","Gini coefficient (scale from 0 to 100)","30.8",""
"2011","Croatia","Gini coefficient (scale from 0 to 100)","31.2",""
"2011","Italy","Gini coefficient (scale from 0 to 100)","32.5",""
"2011","Cyprus","Gini coefficient (scale from 0 to 100)","29.2",""
"2011","Latvia","Gini coefficient (scale from 0 to 100)","35.1",""
"2011","Lithuania","Gini coefficient (scale from 0 to 100)","33.0",""
"2011","Luxembourg","Gini coefficient (scale from 0 to 100)","27.2",""
"2011","Hungary","Gini coefficient (scale from 0 to 100)","26.9",""
"2011","Malta","Gini coefficient (scale from 0 to 100)","27.2",""
"2011","Netherlands","Gini coefficient (scale from 0 to 100)","25.8",""
"2011","Austria","Gini coefficient (scale from 0 to 100)","27.4",""
"2011","Poland","Gini coefficient (scale from 0 to 100)","31.1",""
"2011","Portugal","Gini coefficient (scale from 0 to 100)","34.2",""
"2011","Romania","Gini coefficient (scale from 0 to 100)","33.5",""
"2011","Slovenia","Gini coefficient (scale from 0 to 100)","23.8",""
"2011","Slovakia","Gini coefficient (scale from 0 to 100)","25.7",""
"2011","Finland","Gini coefficient (scale from 0 to 100)","25.8",""
"2011","Sweden","Gini coefficient (scale from 0 to 100)","24.4",""
"2011","United Kingdom","Gini coefficient (scale from 0 to 100)","33.0",""
"2011","Iceland","Gini coefficient (scale from 0 to 100)","23.6",""
"2011","Norway","Gini coefficient (scale from 0 to 100)","22.9",""
"2011","Switzerland","Gini coefficient (scale from 0 to 100)","29.7",""
"2011","Former Yugoslav Republic of Macedonia, the","Gini coefficient (scale from 0 to 100)",":",""
"2011","Serbia","Gini coefficient (scale from 0 to 100)",":",""
"2011","Turkey","Gini coefficient (scale from 0 to 100)","43.3",""
"2012","European Union (EU6-1972, EU9-1980, EU10-1985, EU12-1994, EU15-2004, EU25-2006, EU27-2013, EU28)","Gini coefficient (scale from 0 to 100)","30.5",""
"2012","European Union (28 countries)","Gini coefficient (scale from 0 to 100)","30.5",""
"2012","European Union (27 countries)","Gini coefficient (scale from 0 to 100)","30.4",""
"2012","European Union (25 countries)","Gini coefficient (scale from 0 to 100)",":",""
"2012","European Union (15 countries)","Gini coefficient (scale from 0 to 100)",":",""
"2012","New Member States (10 countries)","Gini coefficient (scale from 0 to 100)",":",""
"2012","Euro area (EA11-2000, EA12-2006, EA13-2007, EA15-2008, EA16-2010, EA17-2013, EA18-2014, EA19)","Gini coefficient (scale from 0 to 100)","30.4",""
"2012","Euro area (19 countries)","Gini coefficient (scale from 0 to 100)","30.5",""
"2012","Euro area (18 countries)","Gini coefficient (scale from 0 to 100)","30.4",""
"2012","Belgium","Gini coefficient (scale from 0 to 100)","26.5",""
"2012","Bulgaria","Gini coefficient (scale from 0 to 100)","33.6",""
"2012","Czech Republic","Gini coefficient (scale from 0 to 100)","24.9",""
"2012","Denmark","Gini coefficient (scale from 0 to 100)","26.5",""
"2012","Germany (until 1990 former territory of the FRG)","Gini coefficient (scale from 0 to 100)","28.3",""
"2012","Estonia","Gini coefficient (scale from 0 to 100)","32.5",""
"2012","Ireland","Gini coefficient (scale from 0 to 100)","30.5",""
"2012","Greece","Gini coefficient (scale from 0 to 100)","34.3",""
"2012","Spain","Gini coefficient (scale from 0 to 100)","34.2",""
"2012","France","Gini coefficient (scale from 0 to 100)","30.5",""
"2012","Croatia","Gini coefficient (scale from 0 to 100)","30.9",""
"2012","Italy","Gini coefficient (scale from 0 to 100)","32.4",""
"2012","Cyprus","Gini coefficient (scale from 0 to 100)","31.0",""
"2012","Latvia","Gini coefficient (scale from 0 to 100)","35.7",""
"2012","Lithuania","Gini coefficient (scale from 0 to 100)","32.0",""
"2012","Luxembourg","Gini coefficient (scale from 0 to 100)","28.0",""
"2012","Hungary","Gini coefficient (scale from 0 to 100)","27.2",""
"2012","Malta","Gini coefficient (scale from 0 to 100)","27.1",""
"2012","Netherlands","Gini coefficient (scale from 0 to 100)","25.4",""
"2012","Austria","Gini coefficient (scale from 0 to 100)","27.6",""
"2012","Poland","Gini coefficient (scale from 0 to 100)","30.9",""
"2012","Portugal","Gini coefficient (scale from 0 to 100)","34.5",""
"2012","Romania","Gini coefficient (scale from 0 to 100)","34.0",""
"2012","Slovenia","Gini coefficient (scale from 0 to 100)","23.7",""
"2012","Slovakia","Gini coefficient (scale from 0 to 100)","25.3",""
"2012","Finland","Gini coefficient (scale from 0 to 100)","25.9",""
"2012","Sweden","Gini coefficient (scale from 0 to 100)","24.8",""
"2012","United Kingdom","Gini coefficient (scale from 0 to 100)","31.3","b"
"2012","Iceland","Gini coefficient (scale from 0 to 100)","24.0",""
"2012","Norway","Gini coefficient (scale from 0 to 100)","22.5",""
"2012","Switzerland","Gini coefficient (scale from 0 to 100)","28.8",""
"2012","Former Yugoslav Republic of Macedonia, the","Gini coefficient (scale from 0 to 100)","38.8",""
"2012","Serbia","Gini coefficient (scale from 0 to 100)",":",""
"2012","Turkey","Gini coefficient (scale from 0 to 100)","42.8",""
"2013","European Union (EU6-1972, EU9-1980, EU10-1985, EU12-1994, EU15-2004, EU25-2006, EU27-2013, EU28)","Gini coefficient (scale from 0 to 100)","30.5",""
"2013","European Union (28 countries)","Gini coefficient (scale from 0 to 100)","30.5",""
"2013","European Union (27 countries)","Gini coefficient (scale from 0 to 100)","30.5",""
"2013","European Union (25 countries)","Gini coefficient (scale from 0 to 100)",":",""
"2013","European Union (15 countries)","Gini coefficient (scale from 0 to 100)",":",""
"2013","New Member States (10 countries)","Gini coefficient (scale from 0 to 100)",":",""
"2013","Euro area (EA11-2000, EA12-2006, EA13-2007, EA15-2008, EA16-2010, EA17-2013, EA18-2014, EA19)","Gini coefficient (scale from 0 to 100)","30.6",""
"2013","Euro area (19 countries)","Gini coefficient (scale from 0 to 100)","30.7",""
"2013","Euro area (18 countries)","Gini coefficient (scale from 0 to 100)","30.7",""
"2013","Belgium","Gini coefficient (scale from 0 to 100)","25.9",""
"2013","Bulgaria","Gini coefficient (scale from 0 to 100)","35.4",""
"2013","Czech Republic","Gini coefficient (scale from 0 to 100)","24.6",""
"2013","Denmark","Gini coefficient (scale from 0 to 100)","26.8",""
"2013","Germany (until 1990 former territory of the FRG)","Gini coefficient (scale from 0 to 100)","29.7",""
"2013","Estonia","Gini coefficient (scale from 0 to 100)","32.9",""
"2013","Ireland","Gini coefficient (scale from 0 to 100)","30.7",""
"2013","Greece","Gini coefficient (scale from 0 to 100)","34.4",""
"2013","Spain","Gini coefficient (scale from 0 to 100)","33.7",""
"2013","France","Gini coefficient (scale from 0 to 100)","30.1",""
"2013","Croatia","Gini coefficient (scale from 0 to 100)","30.9",""
"2013","Italy","Gini coefficient (scale from 0 to 100)","32.8",""
"2013","Cyprus","Gini coefficient (scale from 0 to 100)","32.4",""
"2013","Latvia","Gini coefficient (scale from 0 to 100)","35.2",""
"2013","Lithuania","Gini coefficient (scale from 0 to 100)","34.6",""
"2013","Luxembourg","Gini coefficient (scale from 0 to 100)","30.4",""
"2013","Hungary","Gini coefficient (scale from 0 to 100)","28.3",""
"2013","Malta","Gini coefficient (scale from 0 to 100)","27.9",""
"2013","Netherlands","Gini coefficient (scale from 0 to 100)","25.1",""
"2013","Austria","Gini coefficient (scale from 0 to 100)","27.0",""
"2013","Poland","Gini coefficient (scale from 0 to 100)","30.7",""
"2013","Portugal","Gini coefficient (scale from 0 to 100)","34.2",""
"2013","Romania","Gini coefficient (scale from 0 to 100)","34.6",""
"2013","Slovenia","Gini coefficient (scale from 0 to 100)","24.4",""
"2013","Slovakia","Gini coefficient (scale from 0 to 100)","24.2",""
"2013","Finland","Gini coefficient (scale from 0 to 100)","25.4",""
"2013","Sweden","Gini coefficient (scale from 0 to 100)","24.9",""
"2013","United Kingdom","Gini coefficient (scale from 0 to 100)","30.2",""
"2013","Iceland","Gini coefficient (scale from 0 to 100)","24.0",""
"2013","Norway","Gini coefficient (scale from 0 to 100)","22.7",""
"2013","Switzerland","Gini coefficient (scale from 0 to 100)","28.5",""
"2013","Former Yugoslav Republic of Macedonia, the","Gini coefficient (scale from 0 to 100)","37.0",""
"2013","Serbia","Gini coefficient (scale from 0 to 100)","38.0",""
"2013","Turkey","Gini coefficient (scale from 0 to 100)","42.1",""
"2014","European Union (EU6-1972, EU9-1980, EU10-1985, EU12-1994, EU15-2004, EU25-2006, EU27-2013, EU28)","Gini coefficient (scale from 0 to 100)","30.9",""
"2014","European Union (28 countries)","Gini coefficient (scale from 0 to 100)","30.9",""
"2014","European Union (27 countries)","Gini coefficient (scale from 0 to 100)","31.0",""
"2014","European Union (25 countries)","Gini coefficient (scale from 0 to 100)",":",""
"2014","European Union (15 countries)","Gini coefficient (scale from 0 to 100)",":",""
"2014","New Member States (10 countries)","Gini coefficient (scale from 0 to 100)",":",""
"2014","Euro area (EA11-2000, EA12-2006, EA13-2007, EA15-2008, EA16-2010, EA17-2013, EA18-2014, EA19)","Gini coefficient (scale from 0 to 100)","30.9",""
"2014","Euro area (19 countries)","Gini coefficient (scale from 0 to 100)","31.0",""
"2014","Euro area (18 countries)","Gini coefficient (scale from 0 to 100)","30.9",""
"2014","Belgium","Gini coefficient (scale from 0 to 100)","25.9",""
"2014","Bulgaria","Gini coefficient (scale from 0 to 100)","35.4",""
"2014","Czech Republic","Gini coefficient (scale from 0 to 100)","25.1",""
"2014","Denmark","Gini coefficient (scale from 0 to 100)","27.7",""
"2014","Germany (until 1990 former territory of the FRG)","Gini coefficient (scale from 0 to 100)","30.7",""
"2014","Estonia","Gini coefficient (scale from 0 to 100)","35.6","b"
"2014","Ireland","Gini coefficient (scale from 0 to 100)","31.1",""
"2014","Greece","Gini coefficient (scale from 0 to 100)","34.5",""
"2014","Spain","Gini coefficient (scale from 0 to 100)","34.7",""
"2014","France","Gini coefficient (scale from 0 to 100)","29.2",""
"2014","Croatia","Gini coefficient (scale from 0 to 100)","30.2",""
"2014","Italy","Gini coefficient (scale from 0 to 100)","32.4",""
"2014","Cyprus","Gini coefficient (scale from 0 to 100)","34.8",""
"2014","Latvia","Gini coefficient (scale from 0 to 100)","35.5",""
"2014","Lithuania","Gini coefficient (scale from 0 to 100)","35.0",""
"2014","Luxembourg","Gini coefficient (scale from 0 to 100)","28.7",""
"2014","Hungary","Gini coefficient (scale from 0 to 100)","28.6",""
"2014","Malta","Gini coefficient (scale from 0 to 100)","27.7",""
"2014","Netherlands","Gini coefficient (scale from 0 to 100)","26.2",""
"2014","Austria","Gini coefficient (scale from 0 to 100)","27.6",""
"2014","Poland","Gini coefficient (scale from 0 to 100)","30.8",""
"2014","Portugal","Gini coefficient (scale from 0 to 100)","34.5",""
"2014","Romania","Gini coefficient (scale from 0 to 100)","35.0",""
"2014","Slovenia","Gini coefficient (scale from 0 to 100)","25.0",""
"2014","Slovakia","Gini coefficient (scale from 0 to 100)","26.1",""
"2014","Finland","Gini coefficient (scale from 0 to 100)","25.6",""
"2014","Sweden","Gini coefficient (scale from 0 to 100)","25.4",""
"2014","United Kingdom","Gini coefficient (scale from 0 to 100)","31.6",""
"2014","Iceland","Gini coefficient (scale from 0 to 100)","22.7",""
"2014","Norway","Gini coefficient (scale from 0 to 100)","23.5",""
"2014","Switzerland","Gini coefficient (scale from 0 to 100)","29.5","b"
"2014","Former Yugoslav Republic of Macedonia, the","Gini coefficient (scale from 0 to 100)","35.2",""
"2014","Serbia","Gini coefficient (scale from 0 to 100)","38.6",""
"2014","Turkey","Gini coefficient (scale from 0 to 100)",":",""
"2015","European Union (EU6-1972, EU9-1980, EU10-1985, EU12-1994, EU15-2004, EU25-2006, EU27-2013, EU28)","Gini coefficient (scale from 0 to 100)","31.0",""
"2015","European Union (28 countries)","Gini coefficient (scale from 0 to 100)","31.0",""
"2015","European Union (27 countries)","Gini coefficient (scale from 0 to 100)","31.0",""
"2015","European Union (25 countries)","Gini coefficient (scale from 0 to 100)",":",""
"2015","European Union (15 countries)","Gini coefficient (scale from 0 to 100)",":",""
"2015","New Member States (10 countries)","Gini coefficient (scale from 0 to 100)",":",""
"2015","Euro area (EA11-2000, EA12-2006, EA13-2007, EA15-2008, EA16-2010, EA17-2013, EA18-2014, EA19)","Gini coefficient (scale from 0 to 100)","30.8",""
"2015","Euro area (19 countries)","Gini coefficient (scale from 0 to 100)","30.8",""
"2015","Euro area (18 countries)","Gini coefficient (scale from 0 to 100)","30.7",""
"2015","Belgium","Gini coefficient (scale from 0 to 100)","26.2",""
"2015","Bulgaria","Gini coefficient (scale from 0 to 100)","37.0",""
"2015","Czech Republic","Gini coefficient (scale from 0 to 100)","25.0",""
"2015","Denmark","Gini coefficient (scale from 0 to 100)","27.4",""
"2015","Germany (until 1990 former territory of the FRG)","Gini coefficient (scale from 0 to 100)","30.1",""
"2015","Estonia","Gini coefficient (scale from 0 to 100)","34.8",""
"2015","Ireland","Gini coefficient (scale from 0 to 100)","29.8",""
"2015","Greece","Gini coefficient (scale from 0 to 100)","34.2",""
"2015","Spain","Gini coefficient (scale from 0 to 100)","34.6",""
"2015","France","Gini coefficient (scale from 0 to 100)","29.2",""
"2015","Croatia","Gini coefficient (scale from 0 to 100)","30.6",""
"2015","Italy","Gini coefficient (scale from 0 to 100)","32.4",""
"2015","Cyprus","Gini coefficient (scale from 0 to 100)","33.6",""
"2015","Latvia","Gini coefficient (scale from 0 to 100)","35.4",""
"2015","Lithuania","Gini coefficient (scale from 0 to 100)","37.9",""
"2015","Luxembourg","Gini coefficient (scale from 0 to 100)","28.5",""
"2015","Hungary","Gini coefficient (scale from 0 to 100)","28.2",""
"2015","Malta","Gini coefficient (scale from 0 to 100)","28.1",""
"2015","Netherlands","Gini coefficient (scale from 0 to 100)","26.7",""
"2015","Austria","Gini coefficient (scale from 0 to 100)","27.2",""
"2015","Poland","Gini coefficient (scale from 0 to 100)","30.6",""
"2015","Portugal","Gini coefficient (scale from 0 to 100)","34.0",""
"2015","Romania","Gini coefficient (scale from 0 to 100)","37.4",""
"2015","Slovenia","Gini coefficient (scale from 0 to 100)","24.5",""
"2015","Slovakia","Gini coefficient (scale from 0 to 100)","23.7",""
"2015","Finland","Gini coefficient (scale from 0 to 100)","25.2",""
"2015","Sweden","Gini coefficient (scale from 0 to 100)","25.2",""
"2015","United Kingdom","Gini coefficient (scale from 0 to 100)","32.4",""
"2015","Iceland","Gini coefficient (scale from 0 to 100)","23.6",""
"2015","Norway","Gini coefficient (scale from 0 to 100)","23.9",""
"2015","Switzerland","Gini coefficient (scale from 0 to 100)","29.6",""
"2015","Former Yugoslav Republic of Macedonia, the","Gini coefficient (scale from 0 to 100)","33.7",""
"2015","Serbia","Gini coefficient (scale from 0 to 100)","38.2",""
"2015","Turkey","Gini coefficient (scale from 0 to 100)",":",""
